regID;year;population
1;1926;262000
1;1959;284690
1;1970;385644
1;1979;404504
1;1989;432588
1;1990;434788
1;1991;436598
1;1992;441280
1;1993;446191
1;1994;448480
1;1995;449864
1;1996;450358
1;1997;450075
1;1998;450810
1;1999;450358
1;2000;449052
1;2001;447327
1;2002;446628
1;2003;446828
1;2004;444848
1;2005;443300
1;2006;440993
1;2007;438603
1;2008;437900
1;2009;439380
1;2010;439760
1;2011;439935
1;2012;442451
1;2013;444403
1;2014;446406
1;2015;449171
1;2016;451480
1;2017;453366
1;2018;453376
1;2019;454744
2;1926;2546000
2;1959;3341609
2;1970;3818075
2;1979;3848627
2;1989;3950482
2;1990;3941321
2;1991;3962282
2;1992;3987884
2;1993;4022150
2;1994;4037178
2;1995;4062622
2;1996;4084473
2;1997;4098089
2;1998;4107790
2;1999;4117545
2;2000;4119810
2;2001;4115176
2;2002;4108249
2;2003;4102274
2;2004;4094215
2;2005;4081349
2;2006;4066257
2;2007;4053439
2;2008;4054821
2;2009;4059373
2;2010;4068545
2;2011;4072085
2;2012;4064245
2;2013;4060957
2;2014;4069698
2;2015;4071987
2;2016;4071064
2;2017;4066972
2;2018;4063293
2;2019;4051005
3;1926;389000
3;1959;673326
3;1970;812251
3;1979;900812
3;1989;1041119
3;1990;1048063
3;1991;1052038
3;1992;1052030
3;1993;1046176
3;1994;1039946
3;1995;1037366
3;1996;1033258
3;1997;1028533
3;1998;1020468
3;1999;1013433
3;2000;1004808
3;2001;996912
3;2002;987289
3;2003;979605
3;2004;974561
3;2005;970994
3;2006;966914
3;2007;964581
3;2008;965156
3;2009;966595
3;2010;969736
3;2011;971538
3;2012;971391
3;2013;971810
3;2014;973860
3;2015;978495
3;2016;982284
3;2017;984134
3;2018;984511
3;2019;983273
4;1926;107000
4;1959;157161
4;1970;168261
4;1979;171835
4;1989;191649
4;1990;193275
4;1991;195577
4;1992;196962
4;1993;196371
4;1994;196977
4;1995;198542
4;1996;199879
4;1997;199933
4;1998;200461
4;1999;201699
4;2000;202441
4;2001;203030
4;2002;202945
4;2003;203038
4;2004;202571
4;2005;202333
4;2006;201674
4;2007;201744
4;2008;203128
4;2009;204687
4;2010;205386
4;2011;206530
4;2012;208425
4;2013;210344
4;2014;211645
4;2015;213703
4;2016;215161
4;2017;217007
4;2018;218063
4;2019;218866
5;1926;744000
5;1959;1062472
5;1970;1428540
5;1979;1627884
5;1989;1802579
5;1990;1820164
5;1991;1875345
5;1992;1937297
5;1993;1990359
5;1994;2033523
5;1995;2200039
5;1996;2218427
5;1997;2283187
5;1998;2332837
5;1999;2392292
5;2000;2442609
5;2001;2486002
5;2002;2536077
5;2003;2581412
5;2004;2617502
5;2005;2652711
5;2006;2692619
5;2007;2735837
5;2008;2788600
5;2009;2826525
5;2010;2868759
5;2011;2914204
5;2012;2930449
5;2013;2946035
5;2014;2963918
5;2015;2990371
5;2016;3015660
5;2017;3041900
5;2018;3063885
5;2019;3086126
6;1926;77000
6;1990;189340
6;1991;192642
6;1992;194105
6;1993;195821
6;1994;194171
6;1995;263092
6;1996;282342
6;1997;291209
6;1998;296294
6;1999;301745
6;2000;340028
6;2001;445443
6;2002;455519
6;2003;468773
6;2004;451933
6;2005;433685
6;2006;417392
6;2007;406739
6;2008;406621
6;2009;409210
6;2010;411736
6;2011;414524
6;2012;430495
6;2013;442255
6;2014;453010
6;2015;463893
6;2016;472776
6;2017;480474
6;2018;488043
6;2019;497393
7;1926;224000
7;1959;420115
7;1970;588203
7;1979;674605
7;1989;759586
7;1990;762288
7;1991;780768
7;1992;794380
7;1993;803318
7;1994;810033
7;1995;821149
7;1996;834504
7;1997;846310
7;1998;860502
7;1999;870822
7;2000;878990
7;2001;886698
7;2002;894356
7;2003;901051
7;2004;889639
7;2005;877308
7;2006;866158
7;2007;858460
7;2008;857282
7;2009;858126
7;2010;859576
7;2011;859792
7;2012;859063
7;2013;858946
7;2014;858397
7;2015;860709
7;2016;862254
7;2017;864454
7;2018;865828
7;2019;866219
8;1926;135000
8;1959;184857
8;1970;267993
8;1979;293528
8;1989;322589
8;1990;325040
8;1991;327956
8;1992;325524
8;1993;319605
8;1994;318032
8;1995;316633
8;1996;314656
8;1997;313103
8;1998;312031
8;1999;310457
8;2000;308347
8;2001;307281
8;2002;297583
8;2003;291850
8;2004;292168
8;2005;293179
8;2006;293515
8;2007;293011
8;2008;291654
8;2009;290277
8;2010;289672
8;2011;288902
8;2012;286689
8;2013;284140
8;2014;282021
8;2015;280564
8;2016;278733
8;2017;277803
8;2018;275413
8;2019;272647
9;1926;178000
9;1959;277959
9;1970;344651
9;1979;368343
9;1989;417560
9;1990;419136
9;1991;424842
9;1992;428795
9;1993;433088
9;1994;433470
9;1995;435474
9;1996;437950
9;1997;439201
9;1998;440354
9;1999;441281
9;2000;439981
9;2001;440621
9;2002;439803
9;2003;438853
9;2004;444342
9;2005;450220
9;2006;454487
9;2007;461650
9;2008;466366
9;2009;470064
9;2010;473792
9;2011;477403
9;2012;474675
9;2013;471847
9;2014;469837
9;2015;469060
9;2016;467797
9;2017;466432
9;2018;466305
9;2019;465563
10;1926;261000
10;1959;651346
10;1970;713451
10;1979;736022
10;1989;791317
10;1990;791719
10;1991;791459
10;1992;789509
10;1993;786088
10;1994;778118
10;1995;770690
10;1996;763360
10;1997;756003
10;1998;749837
10;1999;743573
10;2000;735462
10;2001;728813
10;2002;721538
10;2003;715213
10;2004;702847
10;2005;689601
10;2006;676041
10;2007;665032
10;2008;659404
10;2009;653766
10;2010;648718
10;2011;642582
10;2012;639681
10;2013;636932
10;2014;634402
10;2015;632533
10;2016;629875
10;2017;627083
10;2018;622484
10;2019;618056
11;1926;226000
11;1959;815799
11;1970;964802
11;1979;1118421
11;1989;1261024
11;1990;1248891
11;1991;1239885
11;1992;1222134
11;1993;1206079
11;1994;1192063
11;1995;1156750
11;1996;1132650
11;1997;1115737
11;1998;1095723
11;1999;1077990
11;2000;1057873
11;2001;1042880
11;2002;1029644
11;2003;1016040
11;2004;999857
11;2005;982890
11;2006;962952
11;2007;944816
11;2008;934867
11;2009;922321
11;2010;911977
11;2011;899215
11;2012;889837
11;2013;880639
11;2014;872057
11;2015;864424
11;2016;856831
11;2017;850554
11;2018;840873
11;2019;830235
12;1926;489000
12;1959;647680
12;1970;684748
12;1979;702744
12;1989;749386
12;1990;753698
12;1991;755359
12;1992;757351
12;1993;758363
12;1994;757680
12;1995;757834
12;1996;756329
12;1997;753448
12;1998;750454
12;1999;747446
12;2000;743828
12;2001;739091
12;2002;732774
12;2003;726730
12;2004;722703
12;2005;718260
12;2006;713422
12;2007;708546
12;2008;704949
12;2009;701609
12;2010;699389
12;2011;695482
12;2012;692435
12;2013;690349
12;2014;688686
12;2015;687435
12;2016;685865
12;2017;684684
12;2018;682333
12;2019;680380
13;1926;1259000
13;1959;1001994
13;1970;1029562
13;1979;990617
13;1989;964132
13;1990;963778
13;1991;962340
13;1992;960443
13;1993;960671
13;1994;958247
13;1995;954348
13;1996;949061
13;1997;942694
13;1998;935013
13;1999;927437
13;2000;918443
13;2001;908152
13;2002;897136
13;2003;886165
13;2004;878299
13;2005;871848
13;2006;864704
13;2007;857903
13;2008;851658
13;2009;844962
13;2010;839184
13;2011;833263
13;2012;825454
13;2013;818566
13;2014;812156
13;2015;808888
13;2016;807453
13;2017;808541
13;2018;805056
13;2019;795504
14;1926;287000
14;1959;487343
14;1970;664123
14;1979;838808
14;1989;1081408
14;1990;1111480
14;1991;1118983
14;1992;1100342
14;1993;1079678
14;1994;1064617
14;1995;1037155
14;1996;1020320
14;1997;1010110
14;1998;994966
14;1999;977117
14;2000;962507
14;2001;957478
14;2002;951478
14;2003;948636
14;2004;949969
14;2005;953170
14;2006;954394
14;2007;956099
14;2008;958929
14;2009;958056
14;2010;958338
14;2011;958258
14;2012;955859
14;2013;955580
14;2014;954803
14;2015;956896
14;2016;959689
14;2017;962835
14;2018;964330
14;2019;967009
15;1926;287000
15;1959;450581
15;1970;552581
15;1979;596921
15;1989;634009
15;1990;646348
15;1991;652114
15;1992;705019
15;1993;661783
15;1994;661144
15;1995;670701
15;1996;677237
15;1997;681778
15;1998;681150
15;1999;684130
15;2000;693564
15;2001;704351
15;2002;709630
15;2003;709671
15;2004;707679
15;2005;706393
15;2006;706896
15;2007;708800
15;2008;711509
15;2009;711661
15;2010;711725
15;2011;712481
15;2012;709032
15;2013;706123
15;2014;703977
15;2015;705270
15;2016;703745
15;2017;703262
15;2018;701765
15;2019;699253
16;1926;2588000
16;1959;2850417
16;1970;3131238
16;1979;3435644
16;1989;3637809
16;1990;3653969
16;1991;3675425
16;1992;3692334
16;1993;3719831
16;1994;3740811
16;1995;3751808
16;1996;3761178
16;1997;3770046
16;1998;3780352
16;1999;3789259
16;2000;3789688
16;2001;3786845
16;2002;3781867
16;2003;3777667
16;2004;3773105
16;2005;3768167
16;2006;3761600
16;2007;3763106
16;2008;3766778
16;2009;3773526
16;2010;3784458
16;2011;3787485
16;2012;3803189
16;2013;3822038
16;2014;3838230
16;2015;3855037
16;2016;3868730
16;2017;3885253
16;2018;3894284
16;2019;3898628
17;1926;73000
17;1959;171928
17;1970;230864
17;1979;266453
17;1989;309129
17;1990;312576
17;1991;304459
17;1992;303300
17;1993;302348
17;1994;302160
17;1995;303452
17;1996;305042
17;1997;305404
17;1998;305316
17;1999;306169
17;2000;306152
17;2001;305729
17;2002;305216
17;2003;305493
17;2004;304957
17;2005;304066
17;2006;302889
17;2007;302357
17;2008;303783
17;2009;305306
17;2010;307323
17;2011;308132
17;2012;309347
17;2013;310460
17;2014;311761
17;2015;313777
17;2016;315637
17;2017;318550
17;2018;321722
17;2019;324423
18;1926;1025000
18;1959;1336927
18;1970;1417675
18;1979;1493670
18;1989;1609003
18;1990;1611461
18;1991;1616684
18;1992;1622149
18;1993;1624841
18;1994;1620134
18;1995;1617386
18;1996;1612618
18;1997;1607712
18;1998;1603960
18;1999;1601409
18;2000;1595571
18;2001;1588054
18;2002;1578187
18;2003;1568176
18;2004;1561092
18;2005;1554292
18;2006;1545820
18;2007;1538602
18;2008;1532946
18;2009;1528236
18;2010;1525117
18;2011;1520390
18;2012;1518091
18;2013;1517692
18;2014;1517050
18;2015;1517472
18;2016;1517164
18;2017;1516826
18;2018;1513044
18;2019;1507390
19;1926;121000
19;1959;411047
19;1970;445824
19;1979;500106
19;1989;568605
19;1990;570934
19;1991;572444
19;1992;573998
19;1993;574367
19;1994;573123
19;1995;571865
19;1996;570247
19;1997;567153
19;1998;564318
19;1999;561366
19;2000;557481
19;2001;554411
19;2002;549489
19;2003;545198
19;2004;541414
19;2005;537973
19;2006;533824
19;2007;531140
19;2008;531307
19;2009;531874
19;2010;532739
19;2011;532286
19;2012;532135
19;2013;533025
19;2014;534079
19;2015;535796
19;2016;536781
19;2017;537668
19;2018;537513
19;2019;536167
21;1926;891000
21;1959;1097859
21;1970;1223675
21;1979;1292486
21;1989;1336066
21;1990;1337182
21;1991;1339822
21;1992;1344014
21;1993;1347818
21;1994;1345489
21;1995;1345431
21;1996;1343966
21;1997;1341946
21;1998;1339194
21;1999;1338819
21;2000;1334219
21;2001;1327743
21;2002;1319498
21;2003;1311737
21;2004;1301632
21;2005;1291065
21;2006;1278903
21;2007;1268614
21;2008;1263016
21;2009;1258239
21;2010;1255852
21;2011;1250518
21;2012;1247012
21;2013;1243431
21;2014;1239984
21;2015;1238071
21;2016;1236628
21;2017;1235863
21;2018;1231117
21;2019;1223395
22;1926;2479000
22;1959;2526104
22;1970;2502000
22;1979;2502779
22;1989;2630656
22;1990;2640419
22;1991;2653818
22;1992;2664886
22;1993;2680334
22;1994;2684297
22;1995;2694271
22;1996;2688035
22;1997;2676677
22;1998;2670454
22;1999;2662738
22;2000;2651628
22;2001;2641079
22;2002;2621050
22;2003;2602595
22;2004;2571987
22;2005;2539430
22;2006;2503510
22;2007;2473024
22;2008;2453455
22;2009;2438910
22;2010;2430765
22;2011;2417358
22;2012;2407230
22;2013;2398751
22;2014;2390638
22;2015;2384812
22;2016;2376774
22;2017;2365680
22;2018;2350080
22;2019;2332813
23;1926;2934000
23;1959;3477809
23;1970;4124163
23;1979;4410331
23;1989;4680560
23;1990;4638102
23;1991;4690810
23;1992;4763741
23;1993;4864010
23;1994;4940794
23;1995;5020837
23;1996;5076003
23;1997;5114523
23;1998;5128485
23;1999;5130451
23;2000;5133449
23;2001;5132798
23;2002;5131618
23;2003;5119857
23;2004;5114905
23;2005;5118903
23;2006;5127251
23;2007;5142911
23;2008;5170686
23;2009;5194439
23;2010;5214222
23;2011;5229998
23;2012;5284464
23;2013;5330181
23;2014;5404273
23;2015;5453329
23;2016;5513804
23;2017;5570945
23;2018;5603420
23;2019;5648235
24;1926;1305000
24;1959;2204051
24;1970;2516167
24;1979;2697474
24;1989;3027655
24;1990;3155929
24;1991;3163370
24;1992;3164219
24;1993;3160594
24;1994;3139464
24;1995;3113809
24;1996;3099424
24;1997;3085791
24;1998;3067863
24;1999;3048716
24;2000;3022092
24;2001;3000891
24;2002;2981746
24;2003;2961871
24;2004;2931905
24;2005;2901930
24;2006;2869315
24;2007;2845425
24;2008;2837013
24;2009;2832591
24;2010;2832854
24;2011;2829105
24;2012;2838396
24;2013;2846475
24;2014;2852810
24;2015;2858773
24;2016;2866490
24;2017;2875301
24;2018;2876497
24;2019;2874026
25;1926;637000
25;1959;1381018
25;1970;1721285
25;1979;1977779
25;1989;2258391
25;1990;2296684
25;1991;2309701
25;1992;2314531
25;1993;2302779
25;1994;2284070
25;1995;2266303
25;1996;2241793
25;1997;2217109
25;1998;2191952
25;1999;2167274
25;2000;2141025
25;2001;2120467
25;2002;2085743
25;2003;2067342
25;2004;2048582
25;2005;2028377
25;2006;2006536
25;2007;1988580
25;2008;1977392
25;2009;1969602
25;2010;1965178
25;2011;1953545
25;2012;1950483
25;2013;1947263
25;2014;1938516
25;2015;1933308
25;2016;1929008
25;2017;1923116
25;2018;1913037
25;2019;1902718
26;1926;1517000
26;1959;1604952
26;1970;1961129
26;1979;2170876
26;1989;2439628
26;1990;2435834
26;1991;2477730
26;1992;2522703
26;1993;2575440
26;1994;2619617
26;1995;2663817
26;1996;2690808
26;1997;2706028
26;1998;2721854
26;1999;2735469
26;2000;2740927
26;2001;2740899
26;2002;2736173
26;2003;2732502
26;2004;2739065
26;2005;2741116
26;2006;2746873
26;2007;2747079
26;2008;2759676
26;2009;2767618
26;2010;2777696
26;2011;2785524
26;2012;2787030
26;2013;2790785
26;2014;2794508
26;2015;2799473
26;2016;2801597
26;2017;2804383
26;2018;2800674
26;2019;2795243
27;1926;147000
27;1959;979679
27;1970;1173458
27;1979;1375752
27;1989;1608569
27;1990;1619663
27;1991;1624704
27;1992;1624416
27;1993;1607662
27;1994;1591454
27;1995;1566602
27;1996;1543701
27;1997;1525062
27;1998;1509513
27;1999;1493881
27;2000;1473876
27;2001;1459908
27;2002;1446177
27;2003;1434242
27;2004;1416224
27;2005;1396800
27;2006;1376260
27;2007;1359894
27;2008;1354848
27;2009;1351123
27;2010;1349230
27;2011;1342887
27;2012;1342475
27;2013;1342083
27;2014;1339912
27;2015;1338305
27;2016;1334552
27;2017;1333294
27;2018;1328302
27;2019;1321473
28;1926;414000
28;1959;717514
28;1970;793449
28;1979;937389
28;1989;1057781
28;1990;1055337
28;1991;1054267
28;1992;1048649
28;1993;1029516
28;1994;1018407
28;1995;995012
28;1996;986417
28;1997;974942
28;1998;962023
28;1999;949526
28;2000;935607
28;2001;923055
28;2002;911381
28;2003;901044
28;2004;887781
28;2005;874018
28;2006;861056
28;2007;850502
28;2008;844290
28;2009;838869
28;2010;834905
28;2011;828660
28;2012;821573
28;2013;816910
28;2014;811274
28;2015;809873
28;2016;805689
28;2017;801752
28;2018;798424
28;2019;793194
29;1926;847000
29;1959;1230305
29;1970;1362170
29;1979;1420068
29;1989;1515416
29;1990;1523509
29;1991;1517293
29;1992;1504339
29;1993;1489573
29;1994;1471475
29;1995;1453656
29;1996;1432697
29;1997;1412345
29;1998;1392100
29;1999;1372631
29;2000;1349160
29;2001;1328187
29;2002;1309552
29;2003;1290956
29;2004;1273668
29;2005;1257312
29;2006;1239924
29;2007;1224813
29;2008;1215264
29;2009;1204347
29;2010;1195378
29;2011;1182776
29;2012;1171096
29;2013;1159506
29;2014;1148760
29;2015;1139950
29;2016;1130240
29;2017;1121813
29;2018;1111031
29;2019;1100290
30;1926;615000
30;1959;701974
30;1970;867483
30;1979;915548
30;1989;998114
30;1990;997516
30;1991;1001044
30;1992;1003253
30;1993;1004737
30;1994;1006099
30;1995;1014170
30;1996;1019171
30;1997;1020576
30;1998;1019880
30;1999;1016372
30;2000;1012385
30;2001;1009281
30;2002;1005510
30;2003;1004780
30;2004;1006073
30;2005;1006467
30;2006;1002517
30;2007;1001300
30;2008;1005897
30;2009;1009926
30;2010;1011120
30;2011;1009801
30;2012;1014972
30;2013;1013840
30;2014;1016516
30;2015;1021287
30;2016;1018626
30;2017;1018866
30;2018;1017514
30;2019;1014065
31;1926;1677000
31;1959;1226328
31;1970;1261140
31;1979;1304675
31;1989;1380723
31;1990;1387455
31;1991;1397986
31;1992;1404959
31;1993;1419743
31;1994;1434551
31;1995;1454923
31;1996;1467562
31;1997;1478580
31;1998;1485855
31;1999;1494868
31;2000;1501699
31;2001;1506976
31;2002;1508137
31;2003;1511899
31;2004;1513860
31;2005;1511662
31;2006;1511715
31;2007;1514153
31;2008;1520102
31;2009;1526258
31;2010;1531781
31;2011;1532353
31;2012;1536073
31;2013;1540985
31;2014;1544108
31;2015;1547936
31;2016;1550137
31;2017;1552865
31;2018;1549876
31;2019;1547418
32;1926;1709000
32;1959;1549945
32;1970;1581950
32;1979;1506850
32;1989;1474785
32;1990;1470953
32;1991;1457987
32;1992;1456025
32;1993;1460144
32;1994;1462308
32;1995;1469251
32;1996;1466792
32;1997;1459181
32;1998;1448275
32;1999;1437471
32;2000;1423178
32;2001;1407965
32;2002;1391430
32;2003;1375004
32;2004;1360249
32;2005;1344132
32;2006;1327652
32;2007;1312748
32;2008;1303343
32;2009;1294251
32;2010;1286540
32;2011;1275354
32;2012;1264416
32;2013;1253666
32;2014;1242599
32;2015;1232940
32;2016;1225741
32;2017;1220530
32;2018;1210982
32;2019;1200187
33;1926;1211000
33;1959;1402910
33;1970;1510913
33;1979;1580382
33;1989;1653938
33;1990;1657068
33;1991;1654489
33;1992;1647701
33;1993;1642469
33;1994;1634028
33;1995;1630514
33;1996;1623677
33;1997;1612692
33;1998;1602911
33;1999;1592184
33;2000;1575507
33;2001;1558052
33;2002;1539179
33;2003;1520057
33;2004;1509571
33;2005;1497598
33;2006;1486453
33;2007;1475861
33;2008;1466743
33;2009;1457937
33;2010;1449773
33;2011;1441129
33;2012;1431932
33;2013;1421742
33;2014;1413321
33;2015;1405613
33;2016;1397168
33;2017;1389599
33;2018;1378337
33;2019;1365805
34;1926;1724000
34;1959;1853928
34;1970;2322910
34;1979;2475245
34;1989;2593944
34;1990;2620147
34;1991;2641862
34;1992;2656164
34;1993;2676779
34;1994;2693887
34;1995;2717867
34;1996;2738015
34;1997;2746454
34;1998;2751385
34;1999;2750443
34;2000;2738531
34;2001;2725433
34;2002;2709610
34;2003;2694232
34;2004;2672392
34;2005;2656212
34;2006;2640392
34;2007;2629959
34;2008;2623128
34;2009;2618062
34;2010;2614165
34;2011;2607505
34;2012;2594825
34;2013;2583002
34;2014;2569126
34;2015;2557397
34;2016;2545937
34;2017;2535202
34;2018;2521276
34;2019;2507509
35;1926;1728000
35;1959;1307531
35;1970;1295897
35;1979;1309799
35;1989;1353870
35;1990;1354471
35;1991;1353799
35;1992;1353220
35;1993;1351869
35;1994;1348063
35;1995;1339926
35;1996;1332505
35;1997;1324722
35;1998;1317144
35;1999;1309832
35;2000;1299611
35;2001;1290370
35;2002;1278543
35;2003;1266848
35;2004;1255924
35;2005;1245769
35;2006;1234940
35;2007;1225780
35;2008;1219775
35;2009;1214135
35;2010;1208364
35;2011;1201190
35;2012;1198546
35;2013;1196196
35;2014;1193371
35;2015;1191010
35;2016;1187685
35;2017;1183860
35;2018;1176689
35;2019;1167713
36;1926;2525000
36;1959;2368695
36;1970;2526928
36;1979;2478544
36;1989;2469766
36;1990;2471569
36;1991;2469031
36;1992;2467384
36;1993;2478686
36;1994;2488228
36;1995;2494979
36;1996;2490675
36;1997;2484790
36;1998;2470308
36;1999;2458558
36;2000;2441337
36;2001;2422371
36;2002;2397111
36;2003;2374461
36;2004;2367457
36;2005;2364932
36;2006;2360912
36;2007;2353805
36;2008;2344413
36;2009;2338997
36;2010;2334895
36;2011;2334809
36;2012;2331506
36;2013;2330377
36;2014;2328959
36;2015;2331147
36;2016;2333477
36;2017;2335408
36;2018;2333768
36;2019;2327821
37;1926;1064000
37;1959;1322152
37;1970;1339110
37;1979;1320968
37;1989;1317117
37;1990;1295215
37;1991;1292642
37;1992;1285299
37;1993;1279087
37;1994;1269218
37;1995;1260347
37;1996;1248793
37;1997;1235701
37;1998;1222691
37;1999;1210603
37;2000;1194595
37;2001;1178969
37;2002;1161861
37;2003;1144540
37;2004;1131027
37;2005;1116739
37;2006;1101862
37;2007;1089837
37;2008;1081112
37;2009;1074309
37;2010;1067788
37;2011;1060109
37;2012;1054040
37;2013;1048961
37;2014;1043130
37;2015;1036909
37;2016;1029838
37;2017;1023170
37;2018;1014646
37;2019;1004180
38;1926;861000
38;1959;1976453
38;1970;2313410
38;1979;2559522
38;1989;2830641
38;1990;2794858
38;1991;2797005
38;1992;2793856
38;1993;2784043
38;1994;2764225
38;1995;2748073
38;1996;2727374
38;1997;2708178
38;1998;2686284
38;1999;2667886
38;2000;2644022
38;2001;2623183
38;2002;2599675
38;2003;2577702
38;2004;2552298
38;2005;2524080
38;2006;2492143
38;2007;2467383
38;2008;2455410
38;2009;2448287
38;2010;2440391
38;2011;2427954
38;2012;2424355
38;2013;2422026
38;2014;2418348
38;2015;2414913
38;2016;2412800
38;2017;2408901
38;2018;2404195
38;2019;2397763
39;1926;998000
39;1959;610885
39;1970;731936
39;1979;806864
39;1989;871283
39;1990;881211
39;1991;890627
39;1992;898578
39;1993;911348
39;1994;919306
39;1995;933735
39;1996;940242
39;1997;944252
39;1998;952698
39;1999;961257
39;2000;958782
39;2001;957533
39;2002;955449
39;2003;954093
39;2004;947887
39;2005;942098
39;2006;936574
39;2007;934330
39;2008;935297
39;2009;936613
39;2010;938633
39;2011;941823
39;2012;946796
39;2013;954773
39;2014;963128
39;2015;968944
39;2016;976439
39;2017;986261
39;2018;994599
39;2019;1002187
40;1926;1324000
40;1959;935852
40;1970;994876
40;1979;1006973
40;1989;1066833
40;1990;1068443
40;1991;1073948
40;1992;1074673
40;1993;1079108
40;1994;1080681
40;1995;1087278
40;1996;1088982
40;1997;1086767
40;1998;1084479
40;1999;1079831
40;2000;1070426
40;2001;1060285
40;2002;1049614
40;2003;1038614
40;2004;1031655
40;2005;1027581
40;2006;1023341
40;2007;1020141
40;2008;1017726
40;2009;1015597
40;2010;1014996
40;2011;1009191
40;2012;1008229
40;2013;1005585
40;2014;1004544
40;2015;1010486
40;2016;1009772
40;2017;1014570
40;2018;1012156
40;2019;1009380
41;1926;19000
41;1959;220753
41;1970;287612
41;1979;378491
41;1989;466096
41;1990;476911
41;1991;478541
41;1992;475987
41;1993;458899
41;1994;439750
41;1995;421582
41;1996;406393
41;1997;397007
41;1998;388255
41;1999;380481
41;2000;372308
41;2001;366400
41;2002;361646
41;2003;357917
41;2004;350510
41;2005;343908
41;2006;336594
41;2007;330810
41;2008;327949
41;2009;325179
41;2010;323165
41;2011;321659
41;2012;320156
41;2013;320549
41;2014;319864
41;2015;317269
41;2016;316116
41;2017;314729
41;2018;315557
41;2019;314723
42;1926;798000
42;1959;2785872
42;1970;2918353
42;1979;2958066
42;1989;3176335
42;1990;3099236
42;1991;3100688
42;1992;3098685
42;1993;3093199
42;1994;3072515
42;1995;3065197
42;1996;3047514
42;1997;3024528
42;1998;3002297
42;1999;2985392
42;2000;2963439
42;2001;2942264
42;2002;2917769
42;2003;2893448
42;2004;2862105
42;2005;2832963
42;2006;2805941
42;2007;2785999
42;2008;2780231
42;2009;2776358
42;2010;2772964
42;2011;2761255
42;2012;2750829
42;2013;2742450
42;2014;2734075
42;2015;2724990
42;2016;2717627
42;2017;2708844
42;2018;2694877
42;2019;2674256
43;1926;2209000
43;1959;1913600
43;1970;1727348
43;1979;1661546
43;1989;1692655
43;1990;1651726
43;1991;1648962
43;1992;1645091
43;1993;1641886
43;1994;1632494
43;1995;1623370
43;1996;1609480
43;1997;1595919
43;1998;1581490
43;1999;1568722
43;2000;1553595
43;2001;1536772
43;2002;1518378
43;2003;1498976
43;2004;1472481
43;2005;1445356
43;2006;1418645
43;2007;1396017
43;2008;1379383
43;2009;1365003
43;2010;1352692
43;2011;1338758
43;2012;1327915
43;2013;1319076
43;2014;1310929
43;2015;1304348
43;2016;1297474
43;2017;1291684
43;2018;1283238
43;2019;1272109
44;1926;1081000
44;1959;921945
44;1970;870575
44;1979;803870
44;1989;809882
44;1990;804999
44;1991;804405
44;1992;801880
44;1993;799790
44;1994;796563
44;1995;794082
44;1996;788538
44;1997;782010
44;1998;775987
44;1999;769681
44;2000;761907
44;2001;753972
44;2002;743967
44;2003;734453
44;2004;723142
44;2005;711978
44;2006;699761
44;2007;689815
44;2008;683416
44;2009;677793
44;2010;672938
44;2011;666391
44;2012;661764
44;2013;658906
44;2014;656389
44;2015;654390
44;2016;651450
44;2017;648157
44;2018;643324
44;2019;637267
45;1926;1236000
45;1959;999170
45;1970;1085560
45;1979;1080274
45;1989;1104872
45;1990;1107280
45;1991;1105017
45;1992;1106527
45;1993;1106598
45;1994;1100563
45;1995;1099645
45;1996;1090355
45;1997;1080825
45;1998;1074789
45;1999;1068503
45;2000;1059515
45;2001;1047114
45;2002;1030748
45;2003;1016184
45;2004;999446
45;2005;981029
45;2006;961815
45;2007;946068
45;2008;934512
45;2009;925180
45;2010;918585
45;2011;908813
45;2012;896264
45;2013;885759
45;2014;877149
45;2015;869814
45;2016;861896
45;2017;854109
45;2018;845537
45;2019;834701
46;1926;1846000
46;1959;1483305
46;1970;1473864
46;1979;1398889
46;1989;1339414
46;1990;1332957
46;1991;1328929
46;1992;1325156
46;1993;1328161
46;1994;1329266
46;1995;1331632
46;1996;1325420
46;1997;1317566
46;1998;1307963
46;1999;1296206
46;2000;1281733
46;2001;1266467
46;2002;1248588
46;2003;1231097
46;2004;1213372
46;2005;1195812
46;2006;1177627
46;2007;1161582
46;2008;1151857
46;2009;1143329
46;2010;1134990
46;2011;1125648
46;2012;1121563
46;2013;1119262
46;2014;1118915
46;2015;1117378
46;2016;1120019
46;2017;1122893
46;2018;1115237
46;2019;1107041
47;1926;914000
47;1959;1244991
47;1970;1435729
47;1979;1519165
47;1989;1661173
47;1990;1667280
47;1991;1675188
47;1992;1678862
47;1993;1680519
47;1994;1676115
47;1995;1682657
47;1996;1685480
47;1997;1689067
47;1998;1692972
47;1999;1693301
47;2000;1686716
47;2001;1680358
47;2002;1672685
47;2003;1667150
47;2004;1673287
47;2005;1681445
47;2006;1685376
47;2007;1691111
47;2008;1692577
47;2009;1698900
47;2010;1704905
47;2011;1718581
47;2012;1733907
47;2013;1751135
47;2014;1763924
47;2015;1775540
47;2016;1778857
47;2017;1791916
47;2018;1813816
47;2019;1847867
48;1926;1478000
48;1959;1141567
48;1970;1224344
48;1979;1224653
48;1989;1230220
48;1990;1231486
48;1991;1233419
48;1992;1232409
48;1993;1238911
48;1994;1242943
48;1995;1246839
48;1996;1246232
48;1997;1244644
48;1998;1242645
48;1999;1239185
48;2000;1233679
48;2001;1228106
48;2002;1220476
48;2003;1211008
48;2004;1205271
48;2005;1198580
48;2006;1193890
48;2007;1190408
48;2008;1186707
48;2009;1181981
48;2010;1177052
48;2011;1172026
48;2012;1165916
48;2013;1162235
48;2014;1159866
48;2015;1157865
48;2016;1156093
48;2017;1156221
48;2018;1150201
48;2019;1144035
49;1926;7000
49;1959;188889
49;1970;251297
49;1979;332845
49;1989;385340
49;1990;390276
49;1991;384525
49;1992;365311
49;1993;323673
49;1994;300157
49;1995;266883
49;1996;240215
49;1997;229148
49;1998;220533
49;1999;211696
49;2000;201974
49;2001;193945
49;2002;187218
49;2003;181832
49;2004;178069
49;2005;173937
49;2006;170397
49;2007;166902
49;2008;163989
49;2009;160940
49;2010;159002
49;2011;156534
49;2012;154485
49;2013;152358
49;2014;150312
49;2015;148071
49;2016;146345
49;2017;145570
49;2018;144091
49;2019;141234
50;1926;2236000
50;1959;5863003
50;1970;5774529
50;1979;6359385
50;1989;6693623
50;1990;6700180
50;1991;6720248
50;1992;6719121
50;1993;6704332
50;1994;6677307
50;1995;6671785
50;1996;6660192
50;1997;6657710
50;1998;6657149
50;1999;6653499
50;2000;6628173
50;2001;6613469
50;2002;6609152
50;2003;6616879
50;2004;6671325
50;2005;6736742
50;2006;6783853
50;2007;6846821
50;2008;6895369
50;2009;6958015
50;2010;7024207
50;2011;6870552
50;2012;6955051
50;2013;7048084
50;2014;7133620
50;2015;7231068
50;2016;7318647
50;2017;7423470
50;2018;7503385
50;2019;7599647
51;1926;32000
51;1959;567672
51;1970;799527
51;1979;965462
51;1989;1146757
51;1990;1191468
51;1991;1188785
51;1992;1170371
51;1993;1133261
51;1994;1100549
51;1995;1066924
51;1996;1037162
51;1997;1012124
51;1998;987936
51;1999;964065
51;2000;941062
51;2001;922875
51;2002;905735
51;2003;889809
51;2004;873145
51;2005;856939
51;2006;839429
51;2007;823978
51;2008;815140
51;2009;805554
51;2010;799765
51;2011;794077
51;2012;787948
51;2013;780401
51;2014;771058
51;2015;766281
51;2016;762173
51;2017;757621
51;2018;753557
51;2019;748056
52;1926;2754000
52;1959;3590274
52;1970;3682484
52;1979;3695523
52;1989;3714322
52;1990;3780256
52;1991;3773185
52;1992;3762340
52;1993;3753098
52;1994;3737364
52;1995;3730590
52;1996;3711116
52;1997;3691689
52;1998;3673896
52;1999;3655489
52;2000;3628222
52;2001;3594476
52;2002;3554696
52;2003;3515673
52;2004;3481080
52;2005;3447896
52;2006;3414325
52;2007;3384358
52;2008;3362817
52;2009;3343719
52;2010;3326812
52;2011;3307648
52;2012;3296947
52;2013;3289841
52;2014;3281496
52;2015;3270203
52;2016;3260267
52;2017;3247713
52;2018;3234752
52;2019;3214623
53;1926;1092000
53;1959;736529
53;1970;721471
53;1979;721790
53;1989;753054
53;1990;753369
53;1991;751908
53;1992;748820
53;1993;746950
53;1994;742100
53;1995;739368
53;1996;735557
53;1997;731464
53;1998;729747
53;1999;726027
53;2000;718565
53;2001;710261
53;2002;700859
53;2003;692138
53;2004;682965
53;2005;674519
53;2006;665616
53;2007;657584
53;2008;652198
53;2009;645369
53;2010;639697
53;2011;632799
53;2012;629748
53;2013;625855
53;2014;622430
53;2015;618703
53;2016;615692
53;2017;612522
53;2018;606476
53;2019;600296
54;1926;1588000
54;1959;2298481
54;1970;2505249
54;1979;2618024
54;1989;2782005
54;1990;2742075
54;1991;2744809
54;1992;2749253
54;1993;2746874
54;1994;2733738
54;1995;2732352
54;1996;2732721
54;1997;2729750
54;1998;2732245
54;1999;2734031
54;2000;2725499
54;2001;2715128
54;2002;2703012
54;2003;2688423
54;2004;2674155
54;2005;2665984
54;2006;2654853
54;2007;2647195
54;2008;2642727
54;2009;2648923
54;2010;2661594
54;2011;2666465
54;2012;2686863
54;2013;2709461
54;2014;2731176
54;2015;2746822
54;2016;2762237
54;2017;2779555
54;2018;2788849
54;2019;2793384
55;1926;1122000
55;1959;1645017
55;1970;1823831
55;1979;1954663
55;1989;2140336
55;1990;2152578
55;1991;2161266
55;1992;2165262
55;1993;2168933
55;1994;2164114
55;1995;2168597
55;1996;2162178
55;1997;2156283
55;1998;2157338
55;1999;2153911
55;2000;2136058
55;2001;2117291
55;2002;2094735
55;2003;2075422
55;2004;2052741
55;2005;2034091
55;2006;2016288
55;2007;2003282
55;2008;1993290
55;2009;1987716
55;2010;1983985
55;2011;1976560
55;2012;1974820
55;2013;1973985
55;2014;1973876
55;2015;1978183
55;2016;1978466
55;2017;1972682
55;2018;1960081
55;2019;1944195
56;1926;1498000
56;1959;1829481
56;1970;2049976
56;1979;2088553
56;1989;2174459
56;1990;2151097
56;1991;2159743
56;1992;2168257
56;1993;2182602
56;1994;2196785
56;1995;2213038
56;1996;2218052
56;1997;2215936
56;1998;2218082
56;1999;2217558
56;2000;2211204
56;2001;2203616
56;2002;2189876
56;2003;2176000
56;2004;2149942
56;2005;2122459
56;2006;2093495
56;2007;2067890
56;2008;2055701
56;2009;2044256
56;2010;2042043
56;2011;2031497
56;2012;2023665
56;2013;2016086
56;2014;2008566
56;2015;2001110
56;2016;1994762
56;2017;1989589
56;2018;1977720
56;2019;1963007
57;1926;1537000
57;1959;929013
57;1970;931028
57;1979;892505
57;1989;890636
57;1990;895123
57;1991;898256
57;1992;899207
57;1993;903489
57;1994;907552
57;1995;909379
57;1996;905510
57;1997;900489
57;1998;895703
57;1999;891035
57;2000;884269
57;2001;876672
57;2002;867553
57;2003;858312
57;2004;847051
57;2005;835165
57;2006;822096
57;2007;811389
57;2008;805207
57;2009;798855
57;2010;793144
57;2011;785592
57;2012;781281
57;2013;775826
57;2014;769980
57;2015;765231
57;2016;759721
57;2017;754816
57;2018;747247
57;2019;739467
58;1926;1997000
58;1959;1507765
58;1970;1535970
58;1979;1503198
58;1989;1504309
58;1990;1546079
58;1991;1547825
58;1992;1547783
58;1993;1553447
58;1994;1553178
58;1995;1553563
58;1996;1545529
58;1997;1534965
58;1998;1524599
58;1999;1514283
58;2000;1500196
58;2001;1484149
58;2002;1466215
58;2003;1449233
58;2004;1439986
58;2005;1431060
58;2006;1420065
58;2007;1411733
58;2008;1405351
58;2009;1398160
58;2010;1392414
58;2011;1384006
58;2012;1376538
58;2013;1368657
58;2014;1360587
58;2015;1355618
58;2016;1348703
58;2017;1341526
58;2018;1331655
58;2019;1318103
59;1926;1734000
59;1959;2992876
59;1970;3023443
59;1979;3011540
59;1989;3099994
59;1990;3027958
59;1991;3022108
59;1992;3012524
59;1993;3003412
59;1994;2982229
59;1995;2963942
59;1996;2943491
59;1997;2926057
59;1998;2909664
59;1999;2896771
59;2000;2878903
59;2001;2858588
59;2002;2837146
59;2003;2813770
59;2004;2783049
59;2005;2751562
59;2006;2718765
59;2007;2691600
59;2008;2673957
59;2009;2660359
59;2010;2648654
59;2011;2633550
59;2012;2631073
59;2013;2634461
59;2014;2636154
59;2015;2637032
59;2016;2634409
59;2017;2632097
59;2018;2623122
59;2019;2610800
60;1926;1678000
60;1959;951866
60;1970;875293
60;1979;850035
60;1989;846449
60;1990;844140
60;1991;842905
60;1992;837683
60;1993;836046
60;1994;832136
60;1995;830017
60;1996;826283
60;1997;820534
60;1998;813095
60;1999;804632
60;2000;793239
60;2001;781844
60;2002;769653
60;2003;758119
60;2004;746750
60;2005;734520
60;2006;720770
60;2007;708234
60;2008;699591
60;2009;690335
60;2010;681892
60;2011;671272
60;2012;666924
60;2013;661507
60;2014;656561
60;2015;651108
60;2016;646374
60;2017;642164
60;2018;636546
60;2019;629651
61;1926;2450000
61;1959;3311747
61;1970;3831262
61;1979;4080647
61;1989;4308654
61;1990;4307956
61;1991;4344528
61;1992;4370389
61;1993;4404578
61;1994;4438295
61;1995;4481882
61;1996;4490759
61;1997;4495520
61;1998;4487864
61;1999;4475367
61;2000;4454446
61;2001;4439314
61;2002;4417648
61;2003;4396672
61;2004;4375520
61;2005;4352715
61;2006;4332443
61;2007;4314652
61;2008;4297613
61;2009;4292469
61;2010;4284775
61;2011;4275223
61;2012;4260643
61;2013;4254613
61;2014;4245532
61;2015;4242080
61;2016;4236000
61;2017;4231355
61;2018;4220452
61;2019;4202320
62;1926;2079000
62;1959;1444755
62;1970;1411590
62;1979;1361839
62;1989;1345924
62;1990;1350263
62;1991;1350283
62;1992;1344383
62;1993;1341302
62;1994;1335735
62;1995;1330682
62;1996;1321534
62;1997;1311627
62;1998;1300005
62;1999;1288562
62;2000;1274503
62;2001;1258828
62;2002;1240958
62;2003;1223738
62;2004;1210325
62;2005;1199404
62;2006;1188811
62;2007;1181504
62;2008;1174337
62;2009;1167904
62;2010;1161805
62;2011;1151838
62;2012;1148457
62;2013;1144650
62;2014;1140844
62;2015;1135438
62;2016;1130103
62;2017;1126739
62;2018;1121474
62;2019;1114137
63;1926;1454000
63;1959;2258359
63;1970;2750926
63;1979;3092866
63;1989;3265586
63;1990;3236370
63;1991;3247267
63;1992;3253228
63;1993;3268767
63;1994;3278648
63;1995;3300594
63;1996;3306798
63;1997;3305543
63;1998;3304284
63;1999;3302566
63;2000;3291598
63;2001;3275823
63;2002;3254055
63;2003;3235699
63;2004;3229151
63;2005;3225275
63;2006;3225643
63;2007;3223938
63;2008;3220938
63;2009;3221513
63;2010;3220910
63;2011;3215311
63;2012;3214065
63;2013;3213289
63;2014;3211187
63;2015;3212676
63;2016;3205975
63;2017;3203679
63;2018;3193514
63;2019;3183038
64;1926;2541000
64;1959;2162751
64;1970;2454083
64;1979;2559977
64;1989;2686483
64;1990;2697733
64;1991;2705042
64;1992;2707547
64;1993;2718415
64;1994;2724629
64;1995;2734819
64;1996;2736461
64;1997;2725785
64;1998;2721776
64;1999;2719990
64;2000;2710645
64;2001;2699385
64;2002;2682054
64;2003;2663481
64;2004;2639528
64;2005;2615575
64;2006;2591231
64;2007;2572396
64;2008;2558322
64;2009;2545296
64;2010;2535434
64;2011;2519282
64;2012;2508754
64;2013;2503305
64;2014;2496552
64;2015;2493024
64;2016;2487529
64;2017;2479260
64;2018;2462950
64;2019;2440815
65;1926;234000
65;1959;649405
65;1970;615652
65;1979;654915
65;1989;709629
65;1990;713981
65;1991;715333
65;1992;714320
65;1993;706651
65;1994;688638
65;1995;659444
65;1996;629939
65;1997;612329
65;1998;595594
65;1999;581305
65;2000;569234
65;2001;560049
65;2002;552155
65;2003;545008
65;2004;536783
65;2005;529813
65;2006;521121
65;2007;513452
65;2008;509364
65;2009;504896
65;2010;501279
65;2011;496739
65;2012;495402
65;2013;493302
65;2014;491027
65;2015;488391
65;2016;487293
65;2017;487344
65;2018;490181
65;2019;489638
66;1926;1716000
66;1959;4044416
66;1970;4319741
66;1979;4453491
66;1989;4716768
66;1990;4765879
66;1991;4766249
66;1992;4754897
66;1993;4732538
66;1994;4700591
66;1995;4678975
66;1996;4660022
66;1997;4641304
66;1998;4625057
66;1999;4607587
66;2000;4577515
66;2001;4545942
66;2002;4514084
66;2003;4477552
66;2004;4434165
66;2005;4394041
66;2006;4356425
66;2007;4330579
66;2008;4320114
66;2009;4314337
66;2010;4308472
66;2011;4297227
66;2012;4307594
66;2013;4315830
66;2014;4320677
66;2015;4327472
66;2016;4330006
66;2017;4329341
66;2018;4325256
66;2019;4315699
67;1926;2166000
67;1959;1142969
67;1970;1106066
67;1979;1120748
67;1989;1158299
67;1990;1158429
67;1991;1157671
67;1992;1152141
67;1993;1151759
67;1994;1151190
67;1995;1155593
67;1996;1150646
67;1997;1141255
67;1998;1129220
67;1999;1116371
67;2000;1099389
67;2001;1082207
67;2002;1063269
67;2003;1045878
67;2004;1039132
67;2005;1032297
67;2006;1025442
67;2007;1017901
67;2008;1009016
67;2009;1000711
67;2010;993018
67;2011;982887
67;2012;980482
67;2013;975188
67;2014;967896
67;2015;964791
67;2016;958630
67;2017;953201
67;2018;949348
67;2019;942363
68;1926;2016000
68;1959;1549001
68;1970;1511938
68;1979;1390048
68;1989;1320763
68;1990;1319338
68;1991;1312283
68;1992;1303360
68;1993;1303773
68;1994;1301227
68;1995;1298622
68;1996;1288503
68;1997;1276001
68;1998;1261659
68;1999;1247855
68;2000;1231054
68;2001;1213591
68;2002;1193381
68;2003;1174233
68;2004;1161854
68;2005;1150828
68;2006;1138550
68;2007;1127014
68;2008;1116438
68;2009;1107810
68;2010;1099650
68;2011;1089700
68;2012;1082545
68;2013;1075748
68;2014;1068934
68;2015;1062421
68;2016;1050295
68;2017;1040327
68;2018;1033552
68;2019;1015966
69;1926;2667000
69;1959;1806787
69;1970;1717237
69;1979;1649022
69;1989;1670117
69;1990;1666534
69;1991;1662810
69;1992;1648880
69;1993;1639834
69;1994;1627224
69;1995;1621424
69;1996;1612273
69;1997;1599359
69;1998;1583755
69;1999;1566617
69;2000;1543796
69;2001;1519569
69;2002;1491451
69;2003;1465568
69;2004;1447825
69;2005;1432612
69;2006;1415272
69;2007;1398847
69;2008;1386952
69;2009;1375415
69;2010;1365329
69;2011;1350086
69;2012;1342200
69;2013;1334061
69;2014;1325249
69;2015;1315071
69;2016;1304744
69;2017;1296799
69;2018;1283873
69;2019;1269636
70;1926;395000
70;1959;746802
70;1970;785706
70;1979;865934
70;1989;1001613
70;1990;1075182
70;1991;1078142
70;1992;1078596
70;1993;1075425
70;1994;1067978
70;1995;1071723
70;1996;1069603
70;1997;1066057
70;1998;1064294
70;1999;1062469
70;2000;1057846
70;2001;1054272
70;2002;1049770
70;2003;1045539
70;2004;1037952
70;2005;1029944
70;2006;1024294
70;2007;1023063
70;2008;1026307
70;2009;1031522
70;2010;1040245
70;2011;1048538
70;2012;1057748
70;2013;1064245
70;2014;1070128
70;2015;1074453
70;2016;1076762
70;2017;1078891
70;2018;1078280
70;2019;1077442
71;1926;1523000
71;1959;1920308
71;1970;1952467
71;1979;1906176
71;1989;1867013
71;1990;1856206
71;1991;1849299
71;1992;1838700
71;1993;1834100
71;1994;1826600
71;1995;1819774
71;1996;1809657
71;1997;1796605
71;1998;1782063
71;1999;1765958
71;2000;1743368
71;2001;1719665
71;2002;1694008
71;2003;1669792
71;2004;1649221
71;2005;1631778
71;2006;1615194
71;2007;1600138
71;2008;1587959
71;2009;1576346
71;2010;1564654
71;2011;1550330
71;2012;1544545
71;2013;1532436
71;2014;1521497
71;2015;1513570
71;2016;1506446
71;2017;1499417
71;2018;1491855
71;2019;1478818
72;1926;885000
72;1959;905866
72;1970;1054967
72;1979;1160397
72;1989;1326018
72;1990;1394091
72;1991;1401243
72;1992;1401423
72;1993;1400387
72;1994;1393935
72;1995;1394906
72;1996;1386063
72;1997;1375612
72;1998;1371645
72;1999;1368028
72;2000;1362418
72;2001;1352532
72;2002;1336496
72;2003;1323533
72;2004;1317268
72;2005;1311562
72;2006;1308653
72;2007;1309889
72;2008;1315355
72;2009;1324409
72;2010;1333432
72;2011;1343206
72;2012;1361642
72;2013;1385008
72;2014;1409426
72;2015;1429232
72;2016;1454626
72;2017;1477903
72;2018;1498779
72;2019;1518695
73;1926;1276000
73;1959;1117359
73;1970;1224748
73;1979;1270036
73;1989;1400806
73;1990;1410878
73;1991;1421291
73;1992;1432140
73;1993;1447819
73;1994;1462824
73;1995;1472730
73;1996;1470364
73;1997;1461436
73;1998;1450080
73;1999;1439759
73;2000;1427375
73;2001;1413571
73;2002;1395882
73;2003;1378931
73;2004;1366879
73;2005;1354580
73;2006;1340335
73;2007;1325914
73;2008;1316217
73;2009;1308692
73;2010;1301689
73;2011;1290478
73;2012;1282094
73;2013;1274487
73;2014;1267561
73;2015;1262549
73;2016;1257621
73;2017;1252887
73;2018;1246618
73;2019;1238416
74;1926;1052000
74;1959;2976625
74;1970;3288801
74;1979;3438866
74;1989;3623732
74;1990;3701694
74;1991;3706378
74;1992;3703516
74;1993;3700052
74;1994;3682673
74;1995;3690940
74;1996;3679343
74;1997;3668236
74;1998;3670174
74;1999;3671985
74;2000;3660112
74;2001;3643949
74;2002;3621426
74;2003;3597659
74;2004;3569284
74;2005;3541787
74;2006;3516661
74;2007;3496983
74;2008;3489092
74;2009;3484809
74;2010;3481818
74;2011;3475634
74;2012;3480142
74;2013;3485272
74;2014;3490053
74;2015;3497274
74;2016;3500716
74;2017;3502323
74;2018;3493036
74;2019;3475753
75;1926;629000
75;1959;1036387
75;1970;1144918
75;1979;1233435
75;1989;1377975
75;1990;1320562
75;1991;1317948
75;1992;1307810
75;1993;1283764
75;1994;1269690
75;1995;1256389
75;1996;1247668
75;1997;1234397
75;1998;1219795
75;1999;1207030
75;2000;1192819
75;2001;1178824
75;2002;1165435
75;2003;1152596
75;2004;1142687
75;2005;1132780
75;2006;1123327
75;2007;1115143
75;2008;1111439
75;2009;1109196
75;2010;1108973
75;2011;1106155
75;2012;1099396
75;2013;1095169
75;2014;1090344
75;2015;1087452
75;2016;1083012
75;2017;1078983
75;2018;1072806
75;2019;1065785
76;1926;1423000
76;1959;1395627
76;1970;1400224
76;1979;1424806
76;1989;1470357
76;1990;1472126
76;1991;1473837
76;1992;1469449
76;1993;1464220
76;1994;1456922
76;1995;1452718
76;1996;1446797
76;1997;1437494
76;1998;1428690
76;1999;1419433
76;2000;1406111
76;2001;1393727
76;2002;1378417
76;2003;1364374
76;2004;1347055
76;2005;1329799
76;2006;1312813
76;2007;1299965
76;2008;1292536
76;2009;1286122
76;2010;1280088
76;2011;1271006
76;2012;1271030
76;2013;1271672
76;2014;1271766
76;2015;1271629
76;2016;1271912
76;2017;1270736
76;2018;1265684
76;2019;1259612
77;1926;2452000
77;1959;5085581
77;1970;7061008
77;1979;8010954
77;1989;8967232
77;1990;8880124
77;1991;9017415
77;1992;9067808
77;1993;9066025
77;1994;9066612
77;1995;9085457
77;1996;9246727
77;1997;9411236
77;1998;9604297
77;1999;9783242
77;2000;9932932
77;2001;10114203
77;2002;10269900
77;2003;10386903
77;2004;10535681
77;2005;10726429
77;2006;10923762
77;2007;11091428
77;2008;11186851
77;2009;11281631
77;2010;11382161
77;2011;11776764
77;2012;11856578
77;2013;11979529
77;2014;12108257
77;2015;12197596
77;2016;12330126
77;2017;12380664
77;2018;12506468
77;2019;12615279
78;1926;1746000
78;1959;3321196
78;1970;3949501
78;1979;4588183
78;1989;5023506
78;1990;5002444
78;1991;5007469
78;1992;4986405
78;1993;4942891
78;1994;4881563
78;1995;4845407
78;1996;4820213
78;1997;4806641
78;1998;4783982
78;1999;4770897
78;2000;4741923
78;2001;4714844
78;2002;4688414
78;2003;4656474
78;2004;4662038
78;2005;4686491
78;2006;4712854
78;2007;4747550
78;2008;4764864
78;2009;4798713
78;2010;4832759
78;2011;4899344
78;2012;4953219
78;2013;5028000
78;2014;5131942
78;2015;5191690
78;2016;5225690
78;2017;5281579
78;2018;5351935
78;2019;5383890
79;1926;36000
79;1959;162856
79;1970;172449
79;1979;190219
79;1989;215937
79;1990;218330
79;1991;219458
79;1992;220231
79;1993;217801
79;1994;215960
79;1995;209552
79;1996;207190
79;1997;204403
79;1998;201724
79;1999;199172
79;2000;195135
79;2001;193198
79;2002;191899
79;2003;190585
79;2004;188412
79;2005;185763
79;2006;181653
79;2007;179405
79;2008;178711
79;2009;178148
79;2010;177500
79;2011;176304
79;2012;174412
79;2013;172671
79;2014;170377
79;2015;168368
79;2016;166120
79;2017;164217
79;2018;162014
79;2019;159913
82;1926;639000
82;1959;1049395
82;1970;1558567
82;1979;1849840
82;1989;2065829
82;1990;2065829
82;2015;1895915
82;2016;1907106
82;2017;1912168
82;2018;1913731
82;2019;1911818
83;1926;14000
83;1959;36881
83;1970;39119
83;1979;47001
83;1989;54840
83;1990;51993
83;1991;51667
83;1992;50245
83;1993;48235
83;1994;46504
83;1995;44526
83;1996;43367
83;1997;42549
83;1998;41774
83;1999;41513
83;2000;41174
83;2001;40931
83;2002;40896
83;2003;41699
83;2004;41881
83;2005;41906
83;2006;41914
83;2007;41854
83;2008;41900
83;2009;41857
83;2010;42115
83;2011;42104
83;2012;42437
83;2013;42789
83;2014;43025
83;2015;43373
83;2016;43838
83;2017;43937
83;2018;43997
83;2019;43829
86;1926;39000
86;1959;123926
86;1970;271157
86;1979;569139
86;1989;1268439
86;1990;1267030
86;1991;1280139
86;1992;1271505
86;1993;1267751
86;1994;1279483
86;1995;1292985
86;1996;1303285
86;1997;1316774
86;1998;1342991
86;1999;1359069
86;2000;1359646
86;2001;1383449
86;2002;1411867
86;2003;1437729
86;2004;1453541
86;2005;1462194
86;2006;1467792
86;2007;1475188
86;2008;1491240
86;2009;1504319
86;2010;1521222
86;2011;1537134
86;2012;1561238
86;2013;1584063
86;2014;1597248
86;2015;1612076
86;2016;1626755
86;2017;1646078
86;2018;1655074
86;2019;1663795
87;1926;13000
87;1959;46689
87;1970;101184
87;1979;132859
87;1989;157528
87;1990;162135
87;1991;158056
87;1992;147930
87;1993;124351
87;1994;111422
87;1995;95769
87;1996;84451
87;1997;77917
87;1998;72245
87;1999;67010
87;2000;61613
87;2001;57534
87;2002;55309
87;2003;53137
87;2004;51933
87;2005;51815
87;2006;52391
87;2007;52913
87;2008;52825
87;2009;52138
87;2010;51179
87;2011;50346
87;2012;50988
87;2013;50780
87;2014;50555
87;2015;50540
87;2016;50157
87;2017;49822
87;2018;49348
87;2019;49663
89;1926;19000
89;1959;62334
89;1970;79977
89;1979;157616
89;1989;486164
89;1990;489161
89;1991;488577
89;1992;477111
89;1993;463790
89;1994;467467
89;1995;478033
89;1996;487050
89;1997;491900
89;1998;497900
89;1999;498996
89;2000;496292
89;2001;498271
89;2002;503121
89;2003;508600
89;2004;510846
89;2005;514581
89;2006;517385
89;2007;521621
89;2008;524012
89;2009;522966
89;2010;524141
89;2011;524925
89;2012;536558
89;2013;541612
89;2014;539671
89;2015;539985
89;2016;534104
89;2017;536049
89;2018;538547
89;2019;541479
92;1926;75000
92;1959;152122
92;1970;254935
92;1979;333087
92;1989;392826
92;1990;392826
92;2015;398973
92;2016;416263
92;2017;428753
92;2018;436670
92;2019;443212
95;1926;436000
95;1959;710424
95;1970;1064471
95;1979;1153450
95;1989;1275513
95;1990;1100334
95;1991;1171514
95;1992;1224703
95;1993;1280519
95;1994;1307071
95;1995;1227980
95;1996;1224986
95;1997;1174877
95;1998;1166896
95;1999;1159839
95;2000;1110237
95;2001;996427
95;2002;1072867
95;2003;1105378
95;2004;1116910
95;2005;1133172
95;2006;1152335
95;2007;1171975
95;2008;1196920
95;2009;1224389
95;2010;1249898
95;2011;1275113
95;2012;1302165
95;2013;1324767
95;2014;1346438
95;2015;1370268
95;2016;1394172
95;2017;1414865
95;2018;1436981
95;2019;1456951
